"from_node","to_node","distance","travel_time"
0,185,69.402,1.4
0,888,68.024,1.36666666666667
0,423,12.642,0.266666666666667
0,360,27.292,0.55
0,660,36.488,0.733333333333333
0,662,34.747,0.7
0,137,47.451,0.95
0,322,50.818,1.01666666666667
0,631,55.87,1.13333333333333
0,689,14.358,0.3
0,559,44.105,0.883333333333333
0,550,21.212,0.433333333333333
0,582,39.49,0.8
0,606,21.903,0.45
0,943,29.476,0.6
0,901,54.36,1.1
0,121,62.792,1.26666666666667
0,763,14.603,0.3
0,972,45.478,0.916666666666667
0,303,46.376,0.933333333333333
0,247,34.901,0.7
0,17,21.071,0.433333333333333
0,140,37.653,0.766666666666667
0,101,21.157,0.433333333333333
0,255,25.507,0.516666666666667
0,851,62.6,1.26666666666667
0,645,9.505,0.2
0,977,32.62,0.666666666666667
0,601,37.049,0.75
0,810,19.874,0.4
0,406,41.587,0.833333333333333
0,400,16.723,0.35
0,182,36.819,0.75
0,484,34.376,0.7
0,276,21.623,0.433333333333333
0,359,74.597,1.5
0,947,12.911,0.266666666666667
0,215,56.555,1.13333333333333
0,616,7.709,0.166666666666667
0,221,37.09,0.75
0,299,52.551,1.06666666666667
0,833,70.617,1.41666666666667
0,184,46.909,0.95
0,604,32.317,0.65
0,443,55.011,1.11666666666667
0,283,13.526,0.283333333333333
0,51,76.45,1.53333333333333
0,109,38.571,0.783333333333333
0,331,46.992,0.95
0,842,36.661,0.733333333333333
185,0,69.402,1.4
185,888,8.821,0.183333333333333
185,423,60.856,1.23333333333333
185,360,46.235,0.933333333333333
185,660,37.01,0.75
185,662,38.738,0.783333333333333
185,137,49.591,1
185,322,52.93,1.06666666666667
185,631,17.685,0.366666666666667
185,689,59.133,1.18333333333333
185,559,48.297,0.966666666666667
185,550,52.265,1.05
185,582,34.015,0.683333333333333
185,606,51.621,1.03333333333333
185,943,44.071,0.883333333333333
185,901,19.217,0.4
185,121,10.989,0.233333333333333
185,763,58.877,1.18333333333333
185,972,38.706,0.783333333333333
185,303,27.168,0.55
185,247,38.564,0.783333333333333
185,17,58.41,1.18333333333333
185,140,51.519,1.03333333333333
185,101,52.428,1.05
185,255,47.976,0.966666666666667
185,851,20.295,0.416666666666667
185,645,72.351,1.45
185,977,40.915,0.833333333333333
185,601,52.452,1.05
185,810,53.607,1.08333333333333
185,406,31.973,0.65
185,400,56.771,1.15
185,182,53.541,1.08333333333333
185,484,39.129,0.783333333333333
185,276,51.865,1.05
185,359,12.482,0.25
185,947,60.567,1.21666666666667
185,215,24.376,0.5
185,616,68.722,1.38333333333333
185,221,45.93,0.933333333333333
185,299,21.037,0.433333333333333
185,833,17.859,0.366666666666667
185,184,26.689,0.55
185,604,54.331,1.1
185,443,18.541,0.383333333333333
185,283,67.301,1.35
185,51,11.237,0.233333333333333
185,109,37.425,0.75
185,331,49.102,0.983333333333333
185,842,36.871,0.75
888,0,68.024,1.36666666666667
888,185,8.821,0.183333333333333
888,423,59.581,1.2
888,360,44.916,0.9
888,660,35.671,0.716666666666667
888,662,37.398,0.75
888,137,54.226,1.1
888,322,57.599,1.16666666666667
888,631,16.323,0.333333333333333
888,689,57.855,1.16666666666667
888,559,50.878,1.03333333333333
888,550,50.966,1.03333333333333
888,582,32.67,0.666666666666667
888,606,50.314,1.01666666666667
888,943,42.704,0.866666666666667
888,901,17.852,0.366666666666667
888,121,15.611,0.316666666666667
888,763,57.6,1.16666666666667
888,972,43.324,0.866666666666667
888,303,25.816,0.516666666666667
888,247,37.211,0.75
888,17,57.03,1.15
888,140,50.138,1.01666666666667
888,101,51.053,1.03333333333333
888,255,46.664,0.933333333333333
888,851,24.926,0.5
888,645,71.122,1.43333333333333
888,977,39.547,0.8
888,601,51.107,1.03333333333333
888,810,52.313,1.05
888,406,30.624,0.616666666666667
888,400,55.485,1.11666666666667
888,182,52.173,1.05
888,484,37.797,0.766666666666667
888,276,50.566,1.01666666666667
888,359,10.766,0.216666666666667
888,947,59.196,1.2
888,215,19.749,0.4
888,616,67.479,1.35
888,221,44.59,0.9
888,299,19.673,0.4
888,833,22.487,0.45
888,184,26.524,0.533333333333333
888,604,53.022,1.06666666666667
888,443,17.18,0.35
888,283,66.055,1.33333333333333
888,51,12.6,0.266666666666667
888,109,42.058,0.85
888,331,53.769,1.08333333333333
888,842,35.534,0.716666666666667
423,0,12.642,0.266666666666667
423,185,60.856,1.23333333333333
423,888,59.581,1.2
423,360,18.843,0.383333333333333
423,660,28.047,0.566666666666667
423,662,32.24,0.65
423,137,40.401,0.816666666666667
423,322,43.789,0.883333333333333
423,631,47.427,0.95
423,689,9.211,0.2
423,559,37.038,0.75
423,550,21.855,0.45
423,582,31.049,0.633333333333333
423,606,13.461,0.283333333333333
423,943,21.033,0.433333333333333
423,901,45.916,0.933333333333333
423,121,54.266,1.1
423,763,14.38,0.3
423,972,37.034,0.75
423,303,37.902,0.766666666666667
423,247,41.499,0.833333333333333
423,17,14.008,0.283333333333333
423,140,30.606,0.616666666666667
423,101,12.713,0.266666666666667
423,255,23.761,0.483333333333333
423,851,54.156,1.08333333333333
423,645,15.725,0.316666666666667
423,977,24.177,0.5
423,601,29.983,0.6
423,810,19.226,0.4
423,406,33.116,0.666666666666667
423,400,9.982,0.2
423,182,43.832,0.883333333333333
423,484,25.934,0.533333333333333
423,276,17.461,0.35
423,359,66.038,1.33333333333333
423,947,13.422,0.283333333333333
423,215,48.078,0.966666666666667
423,616,12.091,0.25
423,221,44.109,0.883333333333333
423,299,44.056,0.883333333333333
423,833,62.172,1.25
423,184,38.43,0.783333333333333
423,604,39.381,0.8
423,443,46.568,0.933333333333333
423,283,20.582,0.416666666666667
423,51,67.877,1.36666666666667
423,109,30.124,0.616666666666667
423,331,39.948,0.8
423,842,28.219,0.566666666666667
360,0,27.292,0.55
360,185,46.235,0.933333333333333
360,888,44.916,0.9
360,423,18.843,0.383333333333333
360,660,26.071,0.533333333333333
360,662,30.712,0.616666666666667
360,137,41.915,0.85
360,322,45.299,0.916666666666667
360,631,32.771,0.666666666666667
360,689,17.125,0.35
360,559,38.539,0.783333333333333
360,550,20.325,0.416666666666667
360,582,26.065,0.533333333333333
360,606,9.589,0.2
360,943,11.136,0.233333333333333
360,901,31.255,0.633333333333333
360,121,39.64,0.8
360,763,16.878,0.35
360,972,31.019,0.633333333333333
360,303,23.273,0.466666666666667
360,247,39.955,0.8
360,17,16.293,0.333333333333333
360,140,32.117,0.65
360,101,10.332,0.216666666666667
360,255,22.229,0.45
360,851,39.483,0.8
360,645,30.36,0.616666666666667
360,977,9.526,0.2
360,601,31.49,0.633333333333333
360,810,17.697,0.366666666666667
360,406,18.487,0.383333333333333
360,400,14.76,0.3
360,182,42.294,0.85
360,484,20.802,0.416666666666667
360,276,15.933,0.333333333333333
360,359,51.423,1.03333333333333
360,947,18.568,0.383333333333333
360,215,33.461,0.683333333333333
360,616,26.727,0.55
360,221,42.567,0.866666666666667
360,299,29.423,0.6
360,833,47.497,0.95
360,184,23.791,0.483333333333333
360,604,37.84,0.766666666666667
360,443,31.913,0.65
360,283,25.333,0.516666666666667
360,51,53.261,1.06666666666667
360,109,29.737,0.6
360,331,41.461,0.833333333333333
360,842,13.568,0.283333333333333
660,0,36.488,0.733333333333333
660,185,37.01,0.75
660,888,35.671,0.716666666666667
660,423,28.047,0.566666666666667
660,360,26.071,0.533333333333333
660,662,8.835,0.183333333333333
660,137,63.797,1.28333333333333
660,322,67.185,1.35
660,631,23.531,0.483333333333333
660,689,26.325,0.533333333333333
660,559,60.463,1.21666666666667
660,550,19.468,0.4
660,582,7.197,0.15
660,606,30.372,0.616666666666667
660,943,32.984,0.666666666666667
660,901,22.015,0.45
660,121,30.421,0.616666666666667
660,763,26.073,0.533333333333333
660,972,52.831,1.06666666666667
660,303,14.743,0.3
660,247,18.102,0.366666666666667
660,17,37.404,0.75
660,140,54.002,1.08333333333333
660,101,24.55,0.5
660,255,15.174,0.316666666666667
660,851,34.419,0.7
660,645,39.575,0.8
660,977,24.205,0.5
660,601,53.398,1.08333333333333
660,810,20.802,0.416666666666667
660,406,26.786,0.55
660,400,23.965,0.483333333333333
660,182,20.702,0.416666666666667
660,484,9.468,0.2
660,276,19.062,0.383333333333333
660,359,42.193,0.85
660,947,27.763,0.566666666666667
660,215,24.233,0.5
660,616,35.939,0.733333333333333
660,221,20.712,0.416666666666667
660,299,28.726,0.583333333333333
660,833,38.23,0.766666666666667
660,184,36.049,0.733333333333333
660,604,21.544,0.433333333333333
660,443,22.674,0.466666666666667
660,283,34.534,0.7
660,51,44.032,0.883333333333333
660,109,51.614,1.03333333333333
660,331,63.343,1.28333333333333
660,842,18.862,0.383333333333333
662,0,34.747,0.7
662,185,38.738,0.783333333333333
662,888,37.398,0.75
662,423,32.24,0.65
662,360,30.712,0.616666666666667
662,660,8.835,0.183333333333333
662,137,68.443,1.38333333333333
662,322,71.833,1.45
662,631,25.259,0.516666666666667
662,689,27.225,0.55
662,559,65.112,1.31666666666667
662,550,17.732,0.366666666666667
662,582,8.928,0.183333333333333
662,606,35.015,0.716666666666667
662,943,37.616,0.766666666666667
662,901,26.305,0.533333333333333
662,121,32.151,0.65
662,763,24.341,0.5
662,972,57.459,1.15
662,303,19.378,0.4
662,247,13.471,0.283333333333333
662,17,42.049,0.85
662,140,58.649,1.18333333333333
662,101,29.191,0.6
662,255,13.44,0.283333333333333
662,851,39.047,0.783333333333333
662,645,37.832,0.766666666666667
662,977,28.837,0.583333333333333
662,601,58.045,1.16666666666667
662,810,19.07,0.383333333333333
662,406,31.424,0.633333333333333
662,400,26.456,0.533333333333333
662,182,18.97,0.383333333333333
662,484,14.104,0.283333333333333
662,276,18.976,0.383333333333333
662,359,43.918,0.883333333333333
662,947,26.031,0.533333333333333
662,215,25.959,0.533333333333333
662,616,34.197,0.7
662,221,16.08,0.333333333333333
662,299,33.362,0.683333333333333
662,833,39.955,0.8
662,184,40.687,0.816666666666667
662,604,19.811,0.4
662,443,24.403,0.5
662,283,32.795,0.666666666666667
662,51,45.758,0.916666666666667
662,109,56.258,1.13333333333333
662,331,67.99,1.36666666666667
662,842,23.494,0.483333333333333
137,0,47.451,0.95
137,185,49.591,1
137,888,54.226,1.1
137,423,40.401,0.816666666666667
137,360,41.915,0.85
137,660,63.797,1.28333333333333
137,662,68.443,1.38333333333333
137,322,12.374,0.25
137,631,57.772,1.16666666666667
137,689,45.413,0.916666666666667
137,559,19.026,0.383333333333333
137,550,58.058,1.16666666666667
137,582,63.788,1.28333333333333
137,606,37.619,0.766666666666667
137,943,34.973,0.7
137,901,46.258,0.933333333333333
137,121,42.771,0.866666666666667
137,763,50.583,1.01666666666667
137,972,15.06,0.316666666666667
137,303,53.217,1.06666666666667
137,247,77.733,1.56666666666667
137,17,30.59,0.616666666666667
137,140,22.24,0.45
137,101,43.406,0.883333333333333
137,255,59.971,1.2
137,851,33.475,0.683333333333333
137,645,43.224,0.866666666666667
137,977,43.763,0.883333333333333
137,601,23.208,0.466666666666667
137,810,55.429,1.11666666666667
137,406,41.177,0.833333333333333
137,400,46.184,0.933333333333333
137,182,80.092,1.61666666666667
137,484,58.524,1.18333333333333
137,276,53.666,1.08333333333333
137,359,57.88,1.16666666666667
137,947,49.625,1
137,215,69.848,1.4
137,616,43.96,0.883333333333333
137,221,80.361,1.61666666666667
137,299,39.208,0.8
137,833,35.897,0.733333333333333
137,184,31.901,0.65
137,604,75.589,1.51666666666667
137,443,58.006,1.16666666666667
137,283,56.797,1.15
137,51,51.93,1.05
137,109,16.361,0.333333333333333
137,331,7.652,0.166666666666667
137,842,49.108,0.983333333333333
322,0,50.818,1.01666666666667
322,185,52.93,1.06666666666667
322,888,57.599,1.16666666666667
322,423,43.789,0.883333333333333
322,360,45.299,0.916666666666667
322,660,67.185,1.35
322,662,71.833,1.45
322,137,12.374,0.25
322,631,61.151,1.23333333333333
322,689,48.802,0.983333333333333
322,559,10.922,0.233333333333333
322,550,61.45,1.23333333333333
322,582,67.175,1.35
322,606,41.003,0.833333333333333
322,943,38.353,0.783333333333333
322,901,49.633,1
322,121,46.147,0.933333333333333
322,763,53.975,1.08333333333333
322,972,18.427,0.383333333333333
322,303,56.515,1.13333333333333
322,247,80.934,1.63333333333333
322,17,33.957,0.683333333333333
322,140,17.377,0.35
322,101,46.775,0.95
322,255,63.249,1.26666666666667
322,851,36.842,0.75
322,645,45.558,0.916666666666667
322,977,47.145,0.95
322,601,17.984,0.366666666666667
322,810,58.82,1.18333333333333
322,406,44.554,0.9
322,400,49.573,1
322,182,83.292,1.66666666666667
322,484,61.911,1.25
322,276,56.968,1.15
322,359,61.252,1.23333333333333
322,947,53.016,1.06666666666667
322,215,73.095,1.46666666666667
322,616,47.353,0.95
322,221,83.553,1.68333333333333
322,299,42.547,0.866666666666667
322,833,42.87,0.866666666666667
322,184,35.249,0.716666666666667
322,604,78.989,1.58333333333333
322,443,61.385,1.23333333333333
322,283,60.113,1.21666666666667
322,51,55.309,1.11666666666667
322,109,19.729,0.4
322,331,8.923,0.183333333333333
322,842,52.491,1.05
631,0,55.87,1.13333333333333
631,185,17.685,0.366666666666667
631,888,16.323,0.333333333333333
631,423,47.427,0.95
631,360,32.771,0.666666666666667
631,660,23.531,0.483333333333333
631,662,25.259,0.516666666666667
631,137,57.772,1.16666666666667
631,322,61.151,1.23333333333333
631,689,45.654,0.916666666666667
631,559,54.429,1.1
631,550,38.827,0.783333333333333
631,582,20.542,0.416666666666667
631,606,38.164,0.766666666666667
631,943,30.588,0.616666666666667
631,901,15.692,0.316666666666667
631,121,19.126,0.383333333333333
631,763,45.399,0.916666666666667
631,972,46.839,0.95
631,303,13.687,0.283333333333333
631,247,25.088,0.516666666666667
631,17,44.873,0.9
631,140,47.97,0.966666666666667
631,101,38.905,0.783333333333333
631,255,34.528,0.7
631,851,28.427,0.583333333333333
631,645,58.874,1.18333333333333
631,977,27.432,0.55
631,601,47.366,0.95
631,810,40.128,0.816666666666667
631,406,20.793,0.416666666666667
631,400,43.337,0.883333333333333
631,182,40.043,0.816666666666667
631,484,25.664,0.516666666666667
631,276,38.425,0.783333333333333
631,359,22.878,0.466666666666667
631,947,47.089,0.95
631,215,16.246,0.333333333333333
631,616,55.323,1.11666666666667
631,221,32.465,0.65
631,299,22.741,0.466666666666667
631,833,25.993,0.533333333333333
631,184,30.053,0.616666666666667
631,604,40.89,0.833333333333333
631,443,5.057,0.116666666666667
631,283,53.907,1.08333333333333
631,51,24.714,0.5
631,109,45.598,0.916666666666667
631,331,57.316,1.15
631,842,23.388,0.483333333333333
689,0,14.358,0.3
689,185,59.133,1.18333333333333
689,888,57.855,1.16666666666667
689,423,9.211,0.2
689,360,17.125,0.35
689,660,26.325,0.533333333333333
689,662,27.225,0.55
689,137,45.413,0.916666666666667
689,322,48.802,0.983333333333333
689,631,45.654,0.916666666666667
689,559,42.081,0.85
689,550,16.839,0.35
689,582,29.322,0.6
689,606,11.986,0.25
689,943,19.312,0.4
689,901,44.192,0.9
689,121,52.545,1.06666666666667
689,763,9.368,0.2
689,972,35.305,0.716666666666667
689,303,36.181,0.733333333333333
689,247,36.495,0.733333333333333
689,17,19.02,0.383333333333333
689,140,35.619,0.716666666666667
689,101,10.996,0.233333333333333
689,255,18.754,0.383333333333333
689,851,52.427,1.05
689,645,17.444,0.35
689,977,22.457,0.45
689,601,35.015,0.716666666666667
689,810,14.215,0.3
689,406,31.398,0.633333333333333
689,400,6.566,0.133333333333333
689,182,38.827,0.783333333333333
689,484,24.21,0.5
689,276,12.453,0.25
689,359,64.314,1.3
689,947,8.41,0.183333333333333
689,215,46.355,0.933333333333333
689,616,13.808,0.283333333333333
689,221,39.104,0.783333333333333
689,299,42.336,0.85
689,833,60.442,1.21666666666667
689,184,36.711,0.75
689,604,34.335,0.7
689,443,44.798,0.9
689,283,15.573,0.316666666666667
689,51,66.153,1.33333333333333
689,109,33.229,0.666666666666667
689,331,44.959,0.9
689,842,26.499,0.533333333333333
559,0,44.105,0.883333333333333
559,185,48.297,0.966666666666667
559,888,50.878,1.03333333333333
559,423,37.038,0.75
559,360,38.539,0.783333333333333
559,660,60.463,1.21666666666667
559,662,65.112,1.31666666666667
559,137,19.026,0.383333333333333
559,322,10.922,0.233333333333333
559,631,54.429,1.1
559,689,42.081,0.85
559,550,54.646,1.1
559,582,60.454,1.21666666666667
559,606,34.282,0.7
559,943,31.632,0.633333333333333
559,901,42.912,0.866666666666667
559,121,41.688,0.85
559,763,47.253,0.95
559,972,24.386,0.5
559,303,49.823,1
559,247,74.248,1.5
559,17,27.241,0.55
559,140,10.658,0.216666666666667
559,101,40.068,0.816666666666667
559,255,56.551,1.13333333333333
559,851,41.506,0.833333333333333
559,645,38.837,0.783333333333333
559,977,40.424,0.816666666666667
559,601,11.263,0.233333333333333
559,810,52.099,1.05
559,406,37.805,0.766666666666667
559,400,42.805,0.866666666666667
559,182,76.6,1.53333333333333
559,484,55.108,1.11666666666667
559,276,50.265,1.01666666666667
559,359,54.527,1.1
559,947,46.295,0.933333333333333
559,215,66.414,1.33333333333333
559,616,40.631,0.816666666666667
559,221,76.865,1.55
559,299,35.852,0.733333333333333
559,833,49.527,1
559,184,28.548,0.583333333333333
559,604,72.267,1.45
559,443,54.609,1.1
559,283,53.405,1.08333333333333
559,51,55.333,1.11666666666667
559,109,17.47,0.35
559,331,15.576,0.316666666666667
559,842,45.769,0.916666666666667
550,0,21.212,0.433333333333333
550,185,52.265,1.05
550,888,50.966,1.03333333333333
550,423,21.855,0.45
550,360,20.325,0.416666666666667
550,660,19.468,0.4
550,662,17.732,0.366666666666667
550,137,58.058,1.16666666666667
550,322,61.45,1.23333333333333
550,631,38.827,0.783333333333333
550,689,16.839,0.35
550,559,54.646,1.1
550,582,22.467,0.45
550,606,24.615,0.5
550,943,27.25,0.55
550,901,37.307,0.75
550,121,45.68,0.916666666666667
550,763,11.675,0.25
550,972,47.122,0.95
550,303,29.317,0.6
550,247,23.862,0.483333333333333
550,17,31.665,0.633333333333333
550,140,48.266,0.966666666666667
550,101,18.805,0.383333333333333
550,255,8.492,0.183333333333333
550,851,45.528,0.916666666666667
550,645,24.292,0.5
550,977,18.467,0.383333333333333
550,601,47.6,0.966666666666667
550,810,6.828,0.15
550,406,24.537,0.5
550,400,16.07,0.333333333333333
550,182,26.192,0.533333333333333
550,484,17.347,0.35
550,276,8.588,0.183333333333333
550,359,57.443,1.15
550,947,12.634,0.266666666666667
550,215,39.486,0.8
550,616,20.66,0.416666666666667
550,221,26.471,0.533333333333333
550,299,35.474,0.716666666666667
550,833,53.54,1.08333333333333
550,184,30.299,0.616666666666667
550,604,21.709,0.45
550,443,37.931,0.766666666666667
550,283,19.262,0.4
550,51,59.284,1.2
550,109,45.872,0.933333333333333
550,331,57.606,1.16666666666667
550,842,19.627,0.4
582,0,39.49,0.8
582,185,34.015,0.683333333333333
582,888,32.67,0.666666666666667
582,423,31.049,0.633333333333333
582,360,26.065,0.533333333333333
582,660,7.197,0.15
582,662,8.928,0.183333333333333
582,137,63.788,1.28333333333333
582,322,67.175,1.35
582,631,20.542,0.416666666666667
582,689,29.322,0.6
582,559,60.454,1.21666666666667
582,550,22.467,0.45
582,606,30.353,0.616666666666667
582,943,32.979,0.666666666666667
582,901,21.668,0.45
582,121,27.424,0.55
582,763,29.069,0.583333333333333
582,972,52.823,1.06666666666667
582,303,14.74,0.3
582,247,18.104,0.366666666666667
582,17,37.395,0.75
582,140,53.992,1.08333333333333
582,101,24.543,0.5
582,255,18.173,0.366666666666667
582,851,34.411,0.7
582,645,42.545,0.866666666666667
582,977,24.201,0.5
582,601,53.32,1.06666666666667
582,810,23.798,0.483333333333333
582,406,26.781,0.55
582,400,26.966,0.55
582,182,23.699,0.483333333333333
582,484,9.464,0.2
582,276,22.062,0.45
582,359,39.199,0.8
582,947,30.759,0.616666666666667
582,215,21.239,0.433333333333333
582,616,38.915,0.783333333333333
582,221,20.714,0.416666666666667
582,299,28.722,0.583333333333333
582,833,35.227,0.716666666666667
582,184,36.044,0.733333333333333
582,604,24.533,0.5
582,443,19.678,0.4
582,283,37.535,0.766666666666667
582,51,41.038,0.833333333333333
582,109,51.606,1.03333333333333
582,331,63.334,1.28333333333333
582,842,18.858,0.383333333333333
606,0,21.903,0.45
606,185,51.621,1.03333333333333
606,888,50.314,1.01666666666667
606,423,13.461,0.283333333333333
606,360,9.589,0.2
606,660,30.372,0.616666666666667
606,662,35.015,0.716666666666667
606,137,37.619,0.766666666666667
606,322,41.003,0.833333333333333
606,631,38.164,0.766666666666667
606,689,11.986,0.25
606,559,34.282,0.7
606,550,24.615,0.5
606,582,30.353,0.616666666666667
606,943,11.771,0.25
606,901,36.651,0.733333333333333
606,121,45.027,0.916666666666667
606,763,17.154,0.35
606,972,27.764,0.566666666666667
606,303,28.66,0.583333333333333
606,247,44.254,0.9
606,17,11.227,0.233333333333333
606,140,27.821,0.566666666666667
606,101,10.021,0.216666666666667
606,255,26.527,0.533333333333333
606,851,44.886,0.9
606,645,24.98,0.5
606,977,14.916,0.3
606,601,27.217,0.55
606,810,22.001,0.45
606,406,23.868,0.483333333333333
606,400,12.757,0.266666666666667
606,182,46.592,0.933333333333333
606,484,25.092,0.516666666666667
606,276,20.231,0.416666666666667
606,359,56.809,1.15
606,947,16.196,0.333333333333333
606,215,38.847,0.783333333333333
606,616,21.347,0.433333333333333
606,221,46.866,0.95
606,299,34.811,0.7
606,833,52.901,1.06666666666667
606,184,29.179,0.6
606,604,42.104,0.85
606,443,37.283,0.75
606,283,23.357,0.483333333333333
606,51,58.647,1.18333333333333
606,109,25.44,0.516666666666667
606,331,37.164,0.75
606,842,18.958,0.383333333333333
943,0,29.476,0.6
943,185,44.071,0.883333333333333
943,888,42.704,0.866666666666667
943,423,21.033,0.433333333333333
943,360,11.136,0.233333333333333
943,660,32.984,0.666666666666667
943,662,37.616,0.766666666666667
943,137,34.973,0.7
943,322,38.353,0.783333333333333
943,631,30.588,0.616666666666667
943,689,19.312,0.4
943,559,31.632,0.633333333333333
943,550,27.25,0.55
943,582,32.979,0.666666666666667
943,606,11.771,0.25
943,901,29.063,0.583333333333333
943,121,37.472,0.75
943,763,19.79,0.4
943,972,24.09,0.483333333333333
943,303,22.442,0.45
943,247,46.877,0.95
943,17,18.478,0.383333333333333
943,140,25.172,0.516666666666667
943,101,12.66,0.266666666666667
943,255,29.16,0.583333333333333
943,851,37.274,0.75
943,645,32.569,0.666666666666667
943,977,12.986,0.266666666666667
943,601,24.568,0.5
943,810,24.626,0.5
943,406,16.306,0.333333333333333
943,400,16.944,0.35
943,182,49.22,1
943,484,27.722,0.566666666666667
943,276,22.866,0.466666666666667
943,359,49.263,1
943,947,20.752,0.416666666666667
943,215,39.054,0.783333333333333
943,616,28.928,0.583333333333333
943,221,49.49,1
943,299,27.252,0.55
943,833,45.269,0.916666666666667
943,184,21.616,0.433333333333333
943,604,44.733,0.9
943,443,29.731,0.6
943,283,27.513,0.566666666666667
943,51,51.1,1.03333333333333
943,109,22.798,0.466666666666667
943,331,34.517,0.7
943,842,18.326,0.366666666666667
901,0,54.36,1.1
901,185,19.217,0.4
901,888,17.852,0.366666666666667
901,423,45.916,0.933333333333333
901,360,31.255,0.633333333333333
901,660,22.015,0.45
901,662,26.305,0.533333333333333
901,137,46.258,0.933333333333333
901,322,49.633,1
901,631,15.692,0.316666666666667
901,689,44.192,0.9
901,559,42.912,0.866666666666667
901,550,37.307,0.75
901,582,21.668,0.45
901,606,36.651,0.733333333333333
901,943,29.063,0.583333333333333
901,121,12.612,0.266666666666667
901,763,43.938,0.883333333333333
901,972,35.357,0.716666666666667
901,303,12.16,0.25
901,247,35.562,0.716666666666667
901,17,43.365,0.883333333333333
901,140,36.47,0.733333333333333
901,101,37.391,0.75
901,255,33.006,0.666666666666667
901,851,16.948,0.35
901,645,57.456,1.15
901,977,25.91,0.533333333333333
901,601,37.439,0.75
901,810,38.653,0.783333333333333
901,406,16.966,0.35
901,400,41.823,0.85
901,182,38.517,0.783333333333333
901,484,24.14,0.483333333333333
901,276,36.906,0.75
901,359,24.415,0.5
901,947,45.577,0.916666666666667
901,215,27.733,0.566666666666667
901,616,53.814,1.08333333333333
901,221,38.177,0.766666666666667
901,299,11.242,0.233333333333333
901,833,20.41,0.416666666666667
901,184,18.55,0.383333333333333
901,604,39.366,0.8
901,443,15.924,0.333333333333333
901,283,52.392,1.05
901,51,26.25,0.533333333333333
901,109,34.088,0.683333333333333
901,331,45.801,0.916666666666667
901,842,21.876,0.45
121,0,62.792,1.26666666666667
121,185,10.989,0.233333333333333
121,888,15.611,0.316666666666667
121,423,54.266,1.1
121,360,39.64,0.8
121,660,30.421,0.616666666666667
121,662,32.151,0.65
121,137,42.771,0.866666666666667
121,322,46.147,0.933333333333333
121,631,19.126,0.383333333333333
121,689,52.545,1.06666666666667
121,559,41.688,0.85
121,550,45.68,0.916666666666667
121,582,27.424,0.55
121,606,45.027,0.916666666666667
121,943,37.472,0.75
121,901,12.612,0.266666666666667
121,763,52.292,1.05
121,972,31.922,0.65
121,303,20.569,0.416666666666667
121,247,39.005,0.783333333333333
121,17,51.8,1.05
121,140,44.882,0.9
121,101,45.818,0.916666666666667
121,255,41.39,0.833333333333333
121,851,13.51,0.283333333333333
121,645,65.768,1.31666666666667
121,977,34.318,0.7
121,601,45.848,0.933333333333333
121,810,47.021,0.95
121,406,25.372,0.516666666666667
121,400,50.182,1.01666666666667
121,182,46.916,0.95
121,484,32.539,0.666666666666667
121,276,45.278,0.916666666666667
121,359,19.271,0.4
121,947,53.981,1.08333333333333
121,215,31.179,0.633333333333333
121,616,62.138,1.25
121,221,41.613,0.833333333333333
121,299,14.43,0.3
121,833,11.999,0.25
121,184,20.075,0.416666666666667
121,604,47.754,0.966666666666667
121,443,19.358,0.4
121,283,60.722,1.21666666666667
121,51,17.847,0.366666666666667
121,109,30.637,0.616666666666667
121,331,42.32,0.85
121,842,30.275,0.616666666666667
763,0,14.603,0.3
763,185,58.877,1.18333333333333
763,888,57.6,1.16666666666667
763,423,14.38,0.3
763,360,16.878,0.35
763,660,26.073,0.533333333333333
763,662,24.341,0.5
763,137,50.583,1.01666666666667
763,322,53.975,1.08333333333333
763,631,45.399,0.916666666666667
763,689,9.368,0.2
763,559,47.253,0.95
763,550,11.675,0.25
763,582,29.069,0.583333333333333
763,606,17.154,0.35
763,943,19.79,0.4
763,901,43.938,0.883333333333333
763,121,52.292,1.05
763,972,39.678,0.8
763,303,35.929,0.733333333333333
763,247,31.335,0.633333333333333
763,17,24.19,0.5
763,140,40.79,0.816666666666667
763,101,11.33,0.233333333333333
763,255,15.103,0.316666666666667
763,851,52.169,1.05
763,645,17.687,0.366666666666667
763,977,22.207,0.45
763,601,40.187,0.816666666666667
763,810,9.472,0.2
763,406,31.148,0.633333333333333
763,400,8.596,0.183333333333333
763,182,33.665,0.683333333333333
763,484,23.958,0.483333333333333
763,276,11.218,0.233333333333333
763,359,64.056,1.28333333333333
763,947,5.891,0.133333333333333
763,215,46.098,0.933333333333333
763,616,14.052,0.283333333333333
763,221,33.944,0.683333333333333
763,299,42.085,0.85
763,833,60.184,1.21666666666667
763,184,36.462,0.733333333333333
763,604,29.173,0.6
763,443,44.543,0.9
763,283,12.651,0.266666666666667
763,51,65.896,1.33333333333333
763,109,38.397,0.783333333333333
763,331,50.13,1.01666666666667
763,842,26.249,0.533333333333333
972,0,45.478,0.916666666666667
972,185,38.706,0.783333333333333
972,888,43.324,0.866666666666667
972,423,37.034,0.75
972,360,31.019,0.633333333333333
972,660,52.831,1.06666666666667
972,662,57.459,1.15
972,137,15.06,0.316666666666667
972,322,18.427,0.383333333333333
972,631,46.839,0.95
972,689,35.305,0.716666666666667
972,559,24.386,0.5
972,550,47.122,0.95
972,582,52.823,1.06666666666667
972,606,27.764,0.566666666666667
972,943,24.09,0.483333333333333
972,901,35.357,0.716666666666667
972,121,31.922,0.65
972,763,39.678,0.8
972,303,42.29,0.85
972,247,66.71,1.35
972,17,34.488,0.7
972,140,27.6,0.566666666666667
972,101,32.549,0.666666666666667
972,255,49.024,0.983333333333333
972,851,22.613,0.466666666666667
972,645,48.581,0.983333333333333
972,977,32.881,0.666666666666667
972,601,28.57,0.583333333333333
972,810,44.503,0.9
972,406,30.279,0.616666666666667
972,400,35.288,0.716666666666667
972,182,69.067,1.38333333333333
972,484,47.578,0.966666666666667
972,276,42.743,0.866666666666667
972,359,46.981,0.95
972,947,38.725,0.783333333333333
972,215,58.871,1.18333333333333
972,616,44.935,0.9
972,221,69.329,1.4
972,299,28.322,0.566666666666667
972,833,29.331,0.6
972,184,21.024,0.433333333333333
972,604,64.587,1.3
972,443,47.071,0.95
972,283,45.888,0.933333333333333
972,51,41.085,0.833333333333333
972,109,11.107,0.233333333333333
972,331,14.601,0.3
972,842,38.19,0.766666666666667
303,0,46.376,0.933333333333333
303,185,27.168,0.55
303,888,25.816,0.516666666666667
303,423,37.902,0.766666666666667
303,360,23.273,0.466666666666667
303,660,14.743,0.3
303,662,19.378,0.4
303,137,53.217,1.06666666666667
303,322,56.515,1.13333333333333
303,631,13.687,0.283333333333333
303,689,36.181,0.733333333333333
303,559,49.823,1
303,550,29.317,0.6
303,582,14.74,0.3
303,606,28.66,0.583333333333333
303,943,22.442,0.45
303,901,12.16,0.25
303,121,20.569,0.416666666666667
303,763,35.929,0.733333333333333
303,972,42.29,0.85
303,247,28.636,0.583333333333333
303,17,35.379,0.716666666666667
303,140,43.416,0.883333333333333
303,101,29.414,0.6
303,255,25.039,0.516666666666667
303,851,23.878,0.483333333333333
303,645,49.406,1
303,977,17.95,0.366666666666667
303,601,42.784,0.866666666666667
303,810,30.658,0.616666666666667
303,406,16.228,0.333333333333333
303,400,33.818,0.683333333333333
303,182,30.978,0.633333333333333
303,484,16.173,0.333333333333333
303,276,28.934,0.583333333333333
303,359,32.384,0.65
303,947,37.619,0.766666666666667
303,215,20.814,0.416666666666667
303,616,45.775,0.916666666666667
303,221,31.249,0.633333333333333
303,299,18.178,0.366666666666667
303,833,28.376,0.583333333333333
303,184,25.492,0.516666666666667
303,604,31.395,0.633333333333333
303,443,12.829,0.266666666666667
303,283,44.414,0.9
303,51,34.196,0.7
303,109,41.041,0.833333333333333
303,331,52.687,1.06666666666667
303,842,13.907,0.283333333333333
247,0,34.901,0.7
247,185,38.564,0.783333333333333
247,888,37.211,0.75
247,423,41.499,0.833333333333333
247,360,39.955,0.8
247,660,18.102,0.366666666666667
247,662,13.471,0.283333333333333
247,137,77.733,1.56666666666667
247,322,80.934,1.63333333333333
247,631,25.088,0.516666666666667
247,689,36.495,0.733333333333333
247,559,74.248,1.5
247,550,23.862,0.483333333333333
247,582,18.104,0.366666666666667
247,606,44.254,0.9
247,943,46.877,0.95
247,901,35.562,0.716666666666667
247,121,39.005,0.783333333333333
247,763,31.335,0.633333333333333
247,972,66.71,1.35
247,303,28.636,0.583333333333333
247,17,51.34,1.03333333333333
247,140,67.942,1.36666666666667
247,101,38.476,0.783333333333333
247,255,21.944,0.45
247,851,48.298,0.966666666666667
247,645,39.765,0.8
247,977,38.1,0.766666666666667
247,601,67.214,1.35
247,810,26.488,0.533333333333333
247,406,40.66,0.816666666666667
247,400,35.72,0.716666666666667
247,182,19.139,0.383333333333333
247,484,23.368,0.483333333333333
247,276,28.244,0.566666666666667
247,359,43.778,0.883333333333333
247,947,32.295,0.65
247,215,25.783,0.516666666666667
247,616,37.965,0.766666666666667
247,221,11.57,0.233333333333333
247,299,42.6,0.866666666666667
247,833,45.864,0.933333333333333
247,184,49.968,1
247,604,19.97,0.4
247,443,24.231,0.5
247,283,32.939,0.666666666666667
247,51,45.581,0.916666666666667
247,109,65.545,1.31666666666667
247,331,77.107,1.55
247,842,32.758,0.666666666666667
17,0,21.071,0.433333333333333
17,185,58.41,1.18333333333333
17,888,57.03,1.15
17,423,14.008,0.283333333333333
17,360,16.293,0.333333333333333
17,660,37.404,0.75
17,662,42.049,0.85
17,137,30.59,0.616666666666667
17,322,33.957,0.683333333333333
17,631,44.873,0.9
17,689,19.02,0.383333333333333
17,559,27.241,0.55
17,550,31.665,0.633333333333333
17,582,37.395,0.75
17,606,11.227,0.233333333333333
17,943,18.478,0.383333333333333
17,901,43.365,0.883333333333333
17,121,51.8,1.05
17,763,24.19,0.5
17,972,34.488,0.7
17,303,35.379,0.716666666666667
17,247,51.34,1.03333333333333
17,140,20.787,0.416666666666667
17,101,17.052,0.35
17,255,33.578,0.683333333333333
17,851,51.609,1.03333333333333
17,645,18.288,0.366666666666667
17,977,21.621,0.433333333333333
17,601,20.183,0.416666666666667
17,810,29.036,0.583333333333333
17,406,30.59,0.616666666666667
17,400,19.791,0.4
17,182,53.698,1.08333333333333
17,484,32.132,0.65
17,276,27.273,0.55
17,359,63.604,1.28333333333333
17,947,23.231,0.466666666666667
17,215,45.556,0.916666666666667
17,616,17.567,0.366666666666667
17,221,53.967,1.08333333333333
17,299,41.558,0.833333333333333
17,833,59.627,1.2
17,184,35.916,0.733333333333333
17,604,49.195,1
17,443,44.014,0.883333333333333
17,283,30.403,0.616666666666667
17,51,65.459,1.31666666666667
17,109,27.579,0.566666666666667
17,331,30.131,0.616666666666667
17,842,25.662,0.516666666666667
140,0,37.653,0.766666666666667
140,185,51.519,1.03333333333333
140,888,50.138,1.01666666666667
140,423,30.606,0.616666666666667
140,360,32.117,0.65
140,660,54.002,1.08333333333333
140,662,58.649,1.18333333333333
140,137,22.24,0.45
140,322,17.377,0.35
140,631,47.97,0.966666666666667
140,689,35.619,0.716666666666667
140,559,10.658,0.216666666666667
140,550,48.266,0.966666666666667
140,582,53.992,1.08333333333333
140,606,27.821,0.566666666666667
140,943,25.172,0.516666666666667
140,901,36.47,0.733333333333333
140,121,44.882,0.9
140,763,40.79,0.816666666666667
140,972,27.6,0.566666666666667
140,303,43.416,0.883333333333333
140,247,67.942,1.36666666666667
140,17,20.787,0.416666666666667
140,101,33.619,0.683333333333333
140,255,50.178,1.01666666666667
140,851,44.721,0.9
140,645,32.373,0.65
140,977,33.963,0.683333333333333
140,601,5.17,0.116666666666667
140,810,45.636,0.916666666666667
140,406,31.374,0.633333333333333
140,400,36.39,0.733333333333333
140,182,70.306,1.41666666666667
140,484,48.728,0.983333333333333
140,276,43.872,0.883333333333333
140,359,56.712,1.15
140,947,39.832,0.8
140,215,60.049,1.21666666666667
140,616,34.168,0.7
140,221,70.573,1.41666666666667
140,299,34.665,0.7
140,833,52.741,1.06666666666667
140,184,29.023,0.583333333333333
140,604,65.802,1.31666666666667
140,443,48.204,0.966666666666667
140,283,47.008,0.95
140,51,58.52,1.18333333333333
140,109,20.68,0.416666666666667
140,331,18.794,0.383333333333333
140,842,39.309,0.8
101,0,21.157,0.433333333333333
101,185,52.428,1.05
101,888,51.053,1.03333333333333
101,423,12.713,0.266666666666667
101,360,10.332,0.216666666666667
101,660,24.55,0.5
101,662,29.191,0.6
101,137,43.406,0.883333333333333
101,322,46.775,0.95
101,631,38.905,0.783333333333333
101,689,10.996,0.233333333333333
101,559,40.068,0.816666666666667
101,550,18.805,0.383333333333333
101,582,24.543,0.5
101,606,10.021,0.216666666666667
101,943,12.66,0.266666666666667
101,901,37.391,0.75
101,121,45.818,0.916666666666667
101,763,11.33,0.233333333333333
101,972,32.549,0.666666666666667
101,303,29.414,0.6
101,247,38.476,0.783333333333333
101,17,17.052,0.35
101,140,33.619,0.683333333333333
101,255,20.719,0.416666666666667
101,851,45.622,0.916666666666667
101,645,24.232,0.5
101,977,15.659,0.316666666666667
101,601,33.017,0.666666666666667
101,810,16.177,0.333333333333333
101,406,24.621,0.5
101,400,8.631,0.183333333333333
101,182,40.823,0.816666666666667
101,484,19.28,0.4
101,276,14.416,0.3
101,359,57.625,1.16666666666667
101,947,12.44,0.25
101,215,39.595,0.8
101,616,20.599,0.416666666666667
101,221,41.098,0.833333333333333
101,299,35.58,0.716666666666667
101,833,53.637,1.08333333333333
101,184,29.937,0.6
101,604,36.323,0.733333333333333
101,443,38.047,0.766666666666667
101,283,19.199,0.4
101,51,59.376,1.2
101,109,31.249,0.633333333333333
101,331,42.949,0.866666666666667
101,842,19.701,0.4
255,0,25.507,0.516666666666667
255,185,47.976,0.966666666666667
255,888,46.664,0.933333333333333
255,423,23.761,0.483333333333333
255,360,22.229,0.45
255,660,15.174,0.316666666666667
255,662,13.44,0.283333333333333
255,137,59.971,1.2
255,322,63.249,1.26666666666667
255,631,34.528,0.7
255,689,18.754,0.383333333333333
255,559,56.551,1.13333333333333
255,550,8.492,0.183333333333333
255,582,18.173,0.366666666666667
255,606,26.527,0.533333333333333
255,943,29.16,0.583333333333333
255,901,33.006,0.666666666666667
255,121,41.39,0.833333333333333
255,763,15.103,0.316666666666667
255,972,49.024,0.983333333333333
255,303,25.039,0.516666666666667
255,247,21.944,0.45
255,17,33.578,0.683333333333333
255,140,50.178,1.01666666666667
255,101,20.719,0.416666666666667
255,851,41.223,0.833333333333333
255,645,28.583,0.583333333333333
255,977,20.378,0.416666666666667
255,601,49.508,1
255,810,9.832,0.2
255,406,22.948,0.466666666666667
255,400,17.981,0.366666666666667
255,182,24.275,0.5
255,484,13.059,0.266666666666667
255,276,10.503,0.216666666666667
255,359,53.234,1.06666666666667
255,947,16.793,0.35
255,215,35.197,0.716666666666667
255,616,24.951,0.5
255,221,24.553,0.5
255,299,31.192,0.633333333333333
255,833,49.234,1
255,184,32.215,0.65
255,604,19.789,0.4
255,443,33.67,0.683333333333333
255,283,23.543,0.483333333333333
255,51,54.996,1.1
255,109,47.786,0.966666666666667
255,331,59.422,1.2
255,842,15.33,0.316666666666667
851,0,62.6,1.26666666666667
851,185,20.295,0.416666666666667
851,888,24.926,0.5
851,423,54.156,1.08333333333333
851,360,39.483,0.8
851,660,34.419,0.7
851,662,39.047,0.783333333333333
851,137,33.475,0.683333333333333
851,322,36.842,0.75
851,631,28.427,0.583333333333333
851,689,52.427,1.05
851,559,41.506,0.833333333333333
851,550,45.528,0.916666666666667
851,582,34.411,0.7
851,606,44.886,0.9
851,943,37.274,0.75
851,901,16.948,0.35
851,121,13.51,0.283333333333333
851,763,52.169,1.05
851,972,22.613,0.466666666666667
851,303,23.878,0.483333333333333
851,247,48.298,0.966666666666667
851,17,51.609,1.03333333333333
851,140,44.721,0.9
851,101,45.622,0.916666666666667
851,255,41.223,0.833333333333333
851,645,65.702,1.31666666666667
851,977,34.122,0.683333333333333
851,601,45.69,0.916666666666667
851,810,46.877,0.95
851,406,25.184,0.516666666666667
851,400,50.055,1.01666666666667
851,182,50.655,1.01666666666667
851,484,32.352,0.65
851,276,45.13,0.916666666666667
851,359,28.57,0.583333333333333
851,947,53.793,1.08333333333333
851,215,40.46,0.816666666666667
851,616,62.056,1.25
851,221,50.917,1.03333333333333
851,299,14.228,0.3
851,833,12.207,0.25
851,184,19.879,0.4
851,604,47.576,0.966666666666667
851,443,28.66,0.583333333333333
851,283,60.625,1.21666666666667
851,51,22.675,0.466666666666667
851,109,28.229,0.566666666666667
851,331,33.016,0.666666666666667
851,842,30.093,0.616666666666667
645,0,9.505,0.2
645,185,72.351,1.45
645,888,71.122,1.43333333333333
645,423,15.725,0.316666666666667
645,360,30.36,0.616666666666667
645,660,39.575,0.8
645,662,37.832,0.766666666666667
645,137,43.224,0.866666666666667
645,322,45.558,0.916666666666667
645,631,58.874,1.18333333333333
645,689,17.444,0.35
645,559,38.837,0.783333333333333
645,550,24.292,0.5
645,582,42.545,0.866666666666667
645,606,24.98,0.5
645,943,32.569,0.666666666666667
645,901,57.456,1.15
645,121,65.768,1.31666666666667
645,763,17.687,0.366666666666667
645,972,48.581,0.983333333333333
645,303,49.406,1
645,247,39.765,0.8
645,17,18.288,0.366666666666667
645,140,32.373,0.65
645,101,24.232,0.5
645,255,28.583,0.583333333333333
645,851,65.702,1.31666666666667
645,977,35.711,0.716666666666667
645,601,31.77,0.65
645,810,22.959,0.466666666666667
645,406,44.628,0.9
645,400,19.802,0.4
645,182,42.093,0.85
645,484,37.437,0.75
645,276,24.699,0.5
645,359,77.528,1.56666666666667
645,947,15.996,0.333333333333333
645,215,59.571,1.2
645,616,7.834,0.166666666666667
645,221,42.373,0.85
645,299,55.563,1.11666666666667
645,833,73.721,1.48333333333333
645,184,49.943,1
645,604,37.6,0.766666666666667
645,443,58.018,1.16666666666667
645,283,18.827,0.383333333333333
645,51,79.369,1.6
645,109,41.647,0.833333333333333
645,331,41.713,0.85
645,842,39.752,0.8
977,0,32.62,0.666666666666667
977,185,40.915,0.833333333333333
977,888,39.547,0.8
977,423,24.177,0.5
977,360,9.526,0.2
977,660,24.205,0.5
977,662,28.837,0.583333333333333
977,137,43.763,0.883333333333333
977,322,47.145,0.95
977,631,27.432,0.55
977,689,22.457,0.45
977,559,40.424,0.816666666666667
977,550,18.467,0.383333333333333
977,582,24.201,0.5
977,606,14.916,0.3
977,943,12.986,0.266666666666667
977,901,25.91,0.533333333333333
977,121,34.318,0.7
977,763,22.207,0.45
977,972,32.881,0.666666666666667
977,303,17.95,0.366666666666667
977,247,38.1,0.766666666666667
977,17,21.621,0.433333333333333
977,140,33.963,0.683333333333333
977,101,15.659,0.316666666666667
977,255,20.378,0.416666666666667
977,851,34.122,0.683333333333333
977,645,35.711,0.716666666666667
977,601,33.359,0.683333333333333
977,810,16.927,0.35
977,406,13.156,0.266666666666667
977,400,20.09,0.416666666666667
977,182,40.441,0.816666666666667
977,484,18.941,0.383333333333333
977,276,15.181,0.316666666666667
977,359,46.104,0.933333333333333
977,947,23.9,0.483333333333333
977,215,30.28,0.616666666666667
977,616,32.072,0.65
977,221,40.713,0.816666666666667
977,299,24.1,0.483333333333333
977,833,42.115,0.85
977,184,18.467,0.383333333333333
977,604,35.952,0.733333333333333
977,443,26.576,0.533333333333333
977,283,30.659,0.616666666666667
977,51,47.941,0.966666666666667
977,109,31.586,0.633333333333333
977,331,43.308,0.866666666666667
977,842,9.544,0.2
601,0,37.049,0.75
601,185,52.452,1.05
601,888,51.107,1.03333333333333
601,423,29.983,0.6
601,360,31.49,0.633333333333333
601,660,53.398,1.08333333333333
601,662,58.045,1.16666666666667
601,137,23.208,0.466666666666667
601,322,17.984,0.366666666666667
601,631,47.366,0.95
601,689,35.015,0.716666666666667
601,559,11.263,0.233333333333333
601,550,47.6,0.966666666666667
601,582,53.32,1.06666666666667
601,606,27.217,0.55
601,943,24.568,0.5
601,901,37.439,0.75
601,121,45.848,0.933333333333333
601,763,40.187,0.816666666666667
601,972,28.57,0.583333333333333
601,303,42.784,0.866666666666667
601,247,67.214,1.35
601,17,20.183,0.416666666666667
601,140,5.17,0.116666666666667
601,101,33.017,0.666666666666667
601,255,49.508,1
601,851,45.69,0.916666666666667
601,645,31.77,0.65
601,977,33.359,0.683333333333333
601,810,45.033,0.916666666666667
601,406,30.761,0.616666666666667
601,400,35.754,0.716666666666667
601,182,69.562,1.4
601,484,48.067,0.966666666666667
601,276,43.218,0.866666666666667
601,359,57.649,1.16666666666667
601,947,39.228,0.8
601,215,59.386,1.2
601,616,33.565,0.683333333333333
601,221,69.83,1.4
601,299,35.621,0.716666666666667
601,833,53.71,1.08333333333333
601,184,29.98,0.6
601,604,65.199,1.31666666666667
601,443,47.576,0.966666666666667
601,283,46.354,0.933333333333333
601,51,59.484,1.2
601,109,21.648,0.433333333333333
601,331,19.759,0.4
601,842,38.705,0.783333333333333
810,0,19.874,0.4
810,185,53.607,1.08333333333333
810,888,52.313,1.05
810,423,19.226,0.4
810,360,17.697,0.366666666666667
810,660,20.802,0.416666666666667
810,662,19.07,0.383333333333333
810,137,55.429,1.11666666666667
810,322,58.82,1.18333333333333
810,631,40.128,0.816666666666667
810,689,14.215,0.3
810,559,52.099,1.05
810,550,6.828,0.15
810,582,23.798,0.483333333333333
810,606,22.001,0.45
810,943,24.626,0.5
810,901,38.653,0.783333333333333
810,121,47.021,0.95
810,763,9.472,0.2
810,972,44.503,0.9
810,303,30.658,0.616666666666667
810,247,26.488,0.533333333333333
810,17,29.036,0.583333333333333
810,140,45.636,0.916666666666667
810,101,16.177,0.333333333333333
810,255,9.832,0.2
810,851,46.877,0.95
810,645,22.959,0.466666666666667
810,977,16.927,0.35
810,601,45.033,0.916666666666667
810,406,25.877,0.533333333333333
810,400,13.442,0.283333333333333
810,182,28.818,0.583333333333333
810,484,18.688,0.383333333333333
810,276,5.96,0.133333333333333
810,359,58.785,1.18333333333333
810,947,11.162,0.233333333333333
810,215,40.828,0.816666666666667
810,616,19.324,0.4
810,221,29.097,0.583333333333333
810,299,36.814,0.75
810,833,54.889,1.1
810,184,31.191,0.633333333333333
810,604,24.326,0.5
810,443,39.272,0.8
810,283,17.923,0.366666666666667
810,51,60.626,1.21666666666667
810,109,43.244,0.866666666666667
810,331,54.976,1.1
810,842,20.97,0.433333333333333
406,0,41.587,0.833333333333333
406,185,31.973,0.65
406,888,30.624,0.616666666666667
406,423,33.116,0.666666666666667
406,360,18.487,0.383333333333333
406,660,26.786,0.55
406,662,31.424,0.633333333333333
406,137,41.177,0.833333333333333
406,322,44.554,0.9
406,631,20.793,0.416666666666667
406,689,31.398,0.633333333333333
406,559,37.805,0.766666666666667
406,550,24.537,0.5
406,582,26.781,0.55
406,606,23.868,0.483333333333333
406,943,16.306,0.333333333333333
406,901,16.966,0.35
406,121,25.372,0.516666666666667
406,763,31.148,0.633333333333333
406,972,30.279,0.616666666666667
406,303,16.228,0.333333333333333
406,247,40.66,0.816666666666667
406,17,30.59,0.616666666666667
406,140,31.374,0.633333333333333
406,101,24.621,0.5
406,255,22.948,0.466666666666667
406,851,25.184,0.516666666666667
406,645,44.628,0.9
406,977,13.156,0.266666666666667
406,601,30.761,0.616666666666667
406,810,25.877,0.533333333333333
406,400,29.053,0.583333333333333
406,182,43.006,0.866666666666667
406,484,21.517,0.433333333333333
406,276,24.139,0.483333333333333
406,359,37.168,0.75
406,947,32.838,0.666666666666667
406,215,32.835,0.666666666666667
406,616,40.996,0.833333333333333
406,221,43.275,0.866666666666667
406,299,15.148,0.316666666666667
406,833,33.196,0.666666666666667
406,184,13.46,0.283333333333333
406,604,38.542,0.783333333333333
406,443,21.026,0.433333333333333
406,283,39.622,0.8
406,51,39.003,0.783333333333333
406,109,29.003,0.583333333333333
406,331,40.72,0.816666666666667
406,842,12.116,0.25
400,0,16.723,0.35
400,185,56.771,1.15
400,888,55.485,1.11666666666667
400,423,9.982,0.2
400,360,14.76,0.3
400,660,23.965,0.483333333333333
400,662,26.456,0.533333333333333
400,137,46.184,0.933333333333333
400,322,49.573,1
400,631,43.337,0.883333333333333
400,689,6.566,0.133333333333333
400,559,42.805,0.866666666666667
400,550,16.07,0.333333333333333
400,582,26.966,0.55
400,606,12.757,0.266666666666667
400,943,16.944,0.35
400,901,41.823,0.85
400,121,50.182,1.01666666666667
400,763,8.596,0.183333333333333
400,972,35.288,0.716666666666667
400,303,33.818,0.683333333333333
400,247,35.72,0.716666666666667
400,17,19.791,0.4
400,140,36.39,0.733333333333333
400,101,8.631,0.183333333333333
400,255,17.981,0.366666666666667
400,851,50.055,1.01666666666667
400,645,19.802,0.4
400,977,20.09,0.416666666666667
400,601,35.754,0.716666666666667
400,810,13.442,0.283333333333333
400,406,29.053,0.583333333333333
400,182,38.053,0.766666666666667
400,484,21.851,0.45
400,276,11.68,0.25
400,359,61.952,1.25
400,947,8.01,0.166666666666667
400,215,43.993,0.883333333333333
400,616,16.169,0.333333333333333
400,221,38.329,0.766666666666667
400,299,39.972,0.8
400,833,58.07,1.16666666666667
400,184,34.347,0.7
400,604,33.589,0.683333333333333
400,443,42.478,0.85
400,283,14.8,0.3
400,51,63.792,1.28333333333333
400,109,34.001,0.683333333333333
400,331,45.731,0.916666666666667
400,842,24.132,0.483333333333333
182,0,36.819,0.75
182,185,53.541,1.08333333333333
182,888,52.173,1.05
182,423,43.832,0.883333333333333
182,360,42.294,0.85
182,660,20.702,0.416666666666667
182,662,18.97,0.383333333333333
182,137,80.092,1.61666666666667
182,322,83.292,1.66666666666667
182,631,40.043,0.816666666666667
182,689,38.827,0.783333333333333
182,559,76.6,1.53333333333333
182,550,26.192,0.533333333333333
182,582,23.699,0.483333333333333
182,606,46.592,0.933333333333333
182,943,49.22,1
182,901,38.517,0.783333333333333
182,121,46.916,0.95
182,763,33.665,0.683333333333333
182,972,69.067,1.38333333333333
182,303,30.978,0.633333333333333
182,247,19.139,0.383333333333333
182,17,53.698,1.08333333333333
182,140,70.306,1.41666666666667
182,101,40.823,0.816666666666667
182,255,24.275,0.5
182,851,50.655,1.01666666666667
182,645,42.093,0.85
182,977,40.441,0.816666666666667
182,601,69.562,1.4
182,810,28.818,0.583333333333333
182,406,43.006,0.866666666666667
182,400,38.053,0.766666666666667
182,484,25.703,0.516666666666667
182,276,30.575,0.616666666666667
182,359,58.741,1.18333333333333
182,947,34.625,0.7
182,215,40.747,0.816666666666667
182,616,40.294,0.816666666666667
182,221,11.766,0.25
182,299,44.95,0.9
182,833,54.732,1.1
182,184,52.255,1.05
182,604,8.696,0.183333333333333
182,443,39.186,0.8
182,283,27.478,0.55
182,51,60.503,1.21666666666667
182,109,67.898,1.36666666666667
182,331,79.465,1.6
182,842,35.098,0.716666666666667
484,0,34.376,0.7
484,185,39.129,0.783333333333333
484,888,37.797,0.766666666666667
484,423,25.934,0.533333333333333
484,360,20.802,0.416666666666667
484,660,9.468,0.2
484,662,14.104,0.283333333333333
484,137,58.524,1.18333333333333
484,322,61.911,1.25
484,631,25.664,0.516666666666667
484,689,24.21,0.5
484,559,55.108,1.11666666666667
484,550,17.347,0.35
484,582,9.464,0.2
484,606,25.092,0.516666666666667
484,943,27.722,0.566666666666667
484,901,24.14,0.483333333333333
484,121,32.539,0.666666666666667
484,763,23.958,0.483333333333333
484,972,47.578,0.966666666666667
484,303,16.173,0.333333333333333
484,247,23.368,0.483333333333333
484,17,32.132,0.65
484,140,48.728,0.983333333333333
484,101,19.28,0.4
484,255,13.059,0.266666666666667
484,851,32.352,0.65
484,645,37.437,0.75
484,977,18.941,0.383333333333333
484,601,48.067,0.966666666666667
484,810,18.688,0.383333333333333
484,406,21.517,0.433333333333333
484,400,21.851,0.45
484,182,25.703,0.516666666666667
484,276,16.948,0.35
484,359,44.313,0.9
484,947,25.648,0.516666666666667
484,215,26.353,0.533333333333333
484,616,33.806,0.683333333333333
484,221,25.978,0.533333333333333
484,299,23.458,0.483333333333333
484,833,40.362,0.816666666666667
484,184,30.78,0.616666666666667
484,604,21.214,0.433333333333333
484,443,24.793,0.5
484,283,32.421,0.65
484,51,46.152,0.933333333333333
484,109,46.343,0.933333333333333
484,331,58.07,1.16666666666667
484,842,13.598,0.283333333333333
276,0,21.623,0.433333333333333
276,185,51.865,1.05
276,888,50.566,1.01666666666667
276,423,17.461,0.35
276,360,15.933,0.333333333333333
276,660,19.062,0.383333333333333
276,662,18.976,0.383333333333333
276,137,53.666,1.08333333333333
276,322,56.968,1.15
276,631,38.425,0.783333333333333
276,689,12.453,0.25
276,559,50.265,1.01666666666667
276,550,8.588,0.183333333333333
276,582,22.062,0.45
276,606,20.231,0.416666666666667
276,943,22.866,0.466666666666667
276,901,36.906,0.75
276,121,45.278,0.916666666666667
276,763,11.218,0.233333333333333
276,972,42.743,0.866666666666667
276,303,28.934,0.583333333333333
276,247,28.244,0.566666666666667
276,17,27.273,0.55
276,140,43.872,0.883333333333333
276,101,14.416,0.3
276,255,10.503,0.216666666666667
276,851,45.13,0.916666666666667
276,645,24.699,0.5
276,977,15.181,0.316666666666667
276,601,43.218,0.866666666666667
276,810,5.96,0.133333333333333
276,406,24.139,0.483333333333333
276,400,11.68,0.25
276,182,30.575,0.616666666666667
276,484,16.948,0.35
276,359,57.137,1.15
276,947,12.908,0.266666666666667
276,215,39.087,0.783333333333333
276,616,21.067,0.433333333333333
276,221,30.853,0.633333333333333
276,299,35.094,0.716666666666667
276,833,53.143,1.06666666666667
276,184,29.445,0.6
276,604,26.099,0.533333333333333
276,443,37.566,0.766666666666667
276,283,19.663,0.4
276,51,58.886,1.18333333333333
276,109,41.481,0.833333333333333
276,331,53.142,1.06666666666667
276,842,19.224,0.4
359,0,74.597,1.5
359,185,12.482,0.25
359,888,10.766,0.216666666666667
359,423,66.038,1.33333333333333
359,360,51.423,1.03333333333333
359,660,42.193,0.85
359,662,43.918,0.883333333333333
359,137,57.88,1.16666666666667
359,322,61.252,1.23333333333333
359,631,22.878,0.466666666666667
359,689,64.314,1.3
359,559,54.527,1.1
359,550,57.443,1.15
359,582,39.199,0.8
359,606,56.809,1.15
359,943,49.263,1
359,901,24.415,0.5
359,121,19.271,0.4
359,763,64.056,1.28333333333333
359,972,46.981,0.95
359,303,32.384,0.65
359,247,43.778,0.883333333333333
359,17,63.604,1.28333333333333
359,140,56.712,1.15
359,101,57.625,1.16666666666667
359,255,53.234,1.06666666666667
359,851,28.57,0.583333333333333
359,645,77.528,1.56666666666667
359,977,46.104,0.933333333333333
359,601,57.649,1.16666666666667
359,810,58.785,1.18333333333333
359,406,37.168,0.75
359,400,61.952,1.25
359,182,58.741,1.18333333333333
359,484,44.313,0.9
359,276,57.137,1.15
359,947,65.745,1.31666666666667
359,215,22.169,0.45
359,616,73.899,1.48333333333333
359,221,51.157,1.03333333333333
359,299,26.242,0.533333333333333
359,833,26.132,0.533333333333333
359,184,31.887,0.65
359,604,59.5,1.2
359,443,23.734,0.483333333333333
359,283,72.627,1.46666666666667
359,51,10.098,0.216666666666667
359,109,45.713,0.916666666666667
359,331,57.422,1.15
359,842,42.059,0.85
947,0,12.911,0.266666666666667
947,185,60.567,1.21666666666667
947,888,59.196,1.2
947,423,13.422,0.283333333333333
947,360,18.568,0.383333333333333
947,660,27.763,0.566666666666667
947,662,26.031,0.533333333333333
947,137,49.625,1
947,322,53.016,1.06666666666667
947,631,47.089,0.95
947,689,8.41,0.183333333333333
947,559,46.295,0.933333333333333
947,550,12.634,0.266666666666667
947,582,30.759,0.616666666666667
947,606,16.196,0.333333333333333
947,943,20.752,0.416666666666667
947,901,45.577,0.916666666666667
947,121,53.981,1.08333333333333
947,763,5.891,0.133333333333333
947,972,38.725,0.783333333333333
947,303,37.619,0.766666666666667
947,247,32.295,0.65
947,17,23.231,0.466666666666667
947,140,39.832,0.8
947,101,12.44,0.25
947,255,16.793,0.35
947,851,53.793,1.08333333333333
947,645,15.996,0.333333333333333
947,977,23.9,0.483333333333333
947,601,39.228,0.8
947,810,11.162,0.233333333333333
947,406,32.838,0.666666666666667
947,400,8.01,0.166666666666667
947,182,34.625,0.7
947,484,25.648,0.516666666666667
947,276,12.908,0.266666666666667
947,359,65.745,1.31666666666667
947,215,47.787,0.966666666666667
947,616,12.361,0.25
947,221,34.904,0.7
947,299,43.775,0.883333333333333
947,833,61.778,1.25
947,184,38.152,0.766666666666667
947,604,30.133,0.616666666666667
947,443,46.233,0.933333333333333
947,283,11.364,0.233333333333333
947,51,67.585,1.36666666666667
947,109,37.439,0.75
947,331,49.172,1
947,842,27.923,0.566666666666667
215,0,56.555,1.13333333333333
215,185,24.376,0.5
215,888,19.749,0.4
215,423,48.078,0.966666666666667
215,360,33.461,0.683333333333333
215,660,24.233,0.5
215,662,25.959,0.533333333333333
215,137,69.848,1.4
215,322,73.095,1.46666666666667
215,631,16.246,0.333333333333333
215,689,46.355,0.933333333333333
215,559,66.414,1.33333333333333
215,550,39.486,0.8
215,582,21.239,0.433333333333333
215,606,38.847,0.783333333333333
215,943,39.054,0.783333333333333
215,901,27.733,0.566666666666667
215,121,31.179,0.633333333333333
215,763,46.098,0.933333333333333
215,972,58.871,1.18333333333333
215,303,20.814,0.416666666666667
215,247,25.783,0.516666666666667
215,17,45.556,0.916666666666667
215,140,60.049,1.21666666666667
215,101,39.595,0.8
215,255,35.197,0.716666666666667
215,851,40.46,0.816666666666667
215,645,59.571,1.2
215,977,30.28,0.616666666666667
215,601,59.386,1.2
215,810,40.828,0.816666666666667
215,406,32.835,0.666666666666667
215,400,43.993,0.883333333333333
215,182,40.747,0.816666666666667
215,484,26.353,0.533333333333333
215,276,39.087,0.783333333333333
215,359,22.169,0.45
215,947,47.787,0.966666666666667
215,616,55.942,1.13333333333333
215,221,33.147,0.666666666666667
215,299,34.768,0.7
215,833,38.022,0.766666666666667
215,184,42.116,0.85
215,604,41.546,0.833333333333333
215,443,16.015,0.333333333333333
215,283,54.518,1.1
215,51,24,0.483333333333333
215,109,57.67,1.16666666666667
215,331,69.267,1.4
215,842,24.938,0.5
616,0,7.709,0.166666666666667
616,185,68.722,1.38333333333333
616,888,67.479,1.35
616,423,12.091,0.25
616,360,26.727,0.55
616,660,35.939,0.733333333333333
616,662,34.197,0.7
616,137,43.96,0.883333333333333
616,322,47.353,0.95
616,631,55.323,1.11666666666667
616,689,13.808,0.283333333333333
616,559,40.631,0.816666666666667
616,550,20.66,0.416666666666667
616,582,38.915,0.783333333333333
616,606,21.347,0.433333333333333
616,943,28.928,0.583333333333333
616,901,53.814,1.08333333333333
616,121,62.138,1.25
616,763,14.052,0.283333333333333
616,972,44.935,0.9
616,303,45.775,0.916666666666667
616,247,37.965,0.766666666666667
616,17,17.567,0.366666666666667
616,140,34.168,0.7
616,101,20.599,0.416666666666667
616,255,24.951,0.5
616,851,62.056,1.25
616,645,7.834,0.166666666666667
616,977,32.072,0.65
616,601,33.565,0.683333333333333
616,810,19.324,0.4
616,406,40.996,0.833333333333333
616,400,16.169,0.333333333333333
616,182,40.294,0.816666666666667
616,484,33.806,0.683333333333333
616,276,21.067,0.433333333333333
616,359,73.899,1.48333333333333
616,947,12.361,0.25
616,215,55.942,1.13333333333333
616,221,40.573,0.816666666666667
616,299,51.932,1.05
616,833,70.074,1.41666666666667
616,184,46.311,0.933333333333333
616,604,35.801,0.716666666666667
616,443,54.388,1.1
616,283,17.03,0.35
616,51,75.74,1.51666666666667
616,109,38.014,0.766666666666667
616,331,43.508,0.883333333333333
616,842,36.113,0.733333333333333
221,0,37.09,0.75
221,185,45.93,0.933333333333333
221,888,44.59,0.9
221,423,44.109,0.883333333333333
221,360,42.567,0.866666666666667
221,660,20.712,0.416666666666667
221,662,16.08,0.333333333333333
221,137,80.361,1.61666666666667
221,322,83.553,1.68333333333333
221,631,32.465,0.65
221,689,39.104,0.783333333333333
221,559,76.865,1.55
221,550,26.471,0.533333333333333
221,582,20.714,0.416666666666667
221,606,46.866,0.95
221,943,49.49,1
221,901,38.177,0.766666666666667
221,121,41.613,0.833333333333333
221,763,33.944,0.683333333333333
221,972,69.329,1.4
221,303,31.249,0.633333333333333
221,247,11.57,0.233333333333333
221,17,53.967,1.08333333333333
221,140,70.573,1.41666666666667
221,101,41.098,0.833333333333333
221,255,24.553,0.5
221,851,50.917,1.03333333333333
221,645,42.373,0.85
221,977,40.713,0.816666666666667
221,601,69.83,1.4
221,810,29.097,0.583333333333333
221,406,43.275,0.866666666666667
221,400,38.329,0.766666666666667
221,182,11.766,0.25
221,484,25.978,0.533333333333333
221,276,30.853,0.633333333333333
221,359,51.157,1.03333333333333
221,947,34.904,0.7
221,215,33.147,0.666666666666667
221,616,40.573,0.816666666666667
221,299,45.216,0.916666666666667
221,833,48.483,0.983333333333333
221,184,52.585,1.06666666666667
221,604,12.602,0.266666666666667
221,443,31.608,0.633333333333333
221,283,27.761,0.566666666666667
221,51,52.944,1.06666666666667
221,109,68.17,1.36666666666667
221,331,79.726,1.6
221,842,35.37,0.716666666666667
299,0,52.551,1.06666666666667
299,185,21.037,0.433333333333333
299,888,19.673,0.4
299,423,44.056,0.883333333333333
299,360,29.423,0.6
299,660,28.726,0.583333333333333
299,662,33.362,0.683333333333333
299,137,39.208,0.8
299,322,42.547,0.866666666666667
299,631,22.741,0.466666666666667
299,689,42.336,0.85
299,559,35.852,0.733333333333333
299,550,35.474,0.716666666666667
299,582,28.722,0.583333333333333
299,606,34.811,0.7
299,943,27.252,0.55
299,901,11.242,0.233333333333333
299,121,14.43,0.3
299,763,42.085,0.85
299,972,28.322,0.566666666666667
299,303,18.178,0.366666666666667
299,247,42.6,0.866666666666667
299,17,41.558,0.833333333333333
299,140,34.665,0.7
299,101,35.58,0.716666666666667
299,255,31.192,0.633333333333333
299,851,14.228,0.3
299,645,55.563,1.11666666666667
299,977,24.1,0.483333333333333
299,601,35.621,0.716666666666667
299,810,36.814,0.75
299,406,15.148,0.316666666666667
299,400,39.972,0.8
299,182,44.95,0.9
299,484,23.458,0.483333333333333
299,276,35.094,0.716666666666667
299,359,26.242,0.533333333333333
299,947,43.775,0.883333333333333
299,215,34.768,0.7
299,616,51.932,1.05
299,221,45.216,0.916666666666667
299,833,22.238,0.45
299,184,11.506,0.233333333333333
299,604,40.473,0.816666666666667
299,443,22.973,0.466666666666667
299,283,50.582,1.01666666666667
299,51,28.071,0.566666666666667
299,109,27.04,0.55
299,331,38.72,0.783333333333333
299,842,20.057,0.416666666666667
833,0,70.617,1.41666666666667
833,185,17.859,0.366666666666667
833,888,22.487,0.45
833,423,62.172,1.25
833,360,47.497,0.95
833,660,38.23,0.766666666666667
833,662,39.955,0.8
833,137,35.897,0.733333333333333
833,322,42.87,0.866666666666667
833,631,25.993,0.533333333333333
833,689,60.442,1.21666666666667
833,559,49.527,1
833,550,53.54,1.08333333333333
833,582,35.227,0.716666666666667
833,606,52.901,1.06666666666667
833,943,45.269,0.916666666666667
833,901,20.41,0.416666666666667
833,121,11.999,0.25
833,763,60.184,1.21666666666667
833,972,29.331,0.6
833,303,28.376,0.583333333333333
833,247,45.864,0.933333333333333
833,17,59.627,1.2
833,140,52.741,1.06666666666667
833,101,53.637,1.08333333333333
833,255,49.234,1
833,851,12.207,0.25
833,645,73.721,1.48333333333333
833,977,42.115,0.85
833,601,53.71,1.08333333333333
833,810,54.889,1.1
833,406,33.196,0.666666666666667
833,400,58.07,1.16666666666667
833,182,54.732,1.1
833,484,40.362,0.816666666666667
833,276,53.143,1.06666666666667
833,359,26.132,0.533333333333333
833,947,61.778,1.25
833,215,38.022,0.766666666666667
833,616,70.074,1.41666666666667
833,221,48.483,0.983333333333333
833,299,22.238,0.45
833,184,27.891,0.566666666666667
833,604,55.585,1.11666666666667
833,443,26.225,0.533333333333333
833,283,68.64,1.38333333333333
833,51,20.237,0.416666666666667
833,109,36.245,0.733333333333333
833,331,38.147,0.766666666666667
833,842,38.072,0.766666666666667
184,0,46.909,0.95
184,185,26.689,0.55
184,888,26.524,0.533333333333333
184,423,38.43,0.783333333333333
184,360,23.791,0.483333333333333
184,660,36.049,0.733333333333333
184,662,40.687,0.816666666666667
184,137,31.901,0.65
184,322,35.249,0.716666666666667
184,631,30.053,0.616666666666667
184,689,36.711,0.75
184,559,28.548,0.583333333333333
184,550,30.299,0.616666666666667
184,582,36.044,0.733333333333333
184,606,29.179,0.6
184,943,21.616,0.433333333333333
184,901,18.55,0.383333333333333
184,121,20.075,0.416666666666667
184,763,36.462,0.733333333333333
184,972,21.024,0.433333333333333
184,303,25.492,0.516666666666667
184,247,49.968,1
184,17,35.916,0.733333333333333
184,140,29.023,0.583333333333333
184,101,29.937,0.6
184,255,32.215,0.65
184,851,19.879,0.4
184,645,49.943,1
184,977,18.467,0.383333333333333
184,601,29.98,0.6
184,810,31.191,0.633333333333333
184,406,13.46,0.283333333333333
184,400,34.347,0.7
184,182,52.255,1.05
184,484,30.78,0.616666666666667
184,276,29.445,0.6
184,359,31.887,0.65
184,947,38.152,0.766666666666667
184,215,42.116,0.85
184,616,46.311,0.933333333333333
184,221,52.585,1.06666666666667
184,299,11.506,0.233333333333333
184,833,27.891,0.566666666666667
184,604,47.808,0.966666666666667
184,443,30.285,0.616666666666667
184,283,44.905,0.9
184,51,33.718,0.683333333333333
184,109,19.733,0.4
184,331,31.422,0.633333333333333
184,842,21.377,0.433333333333333
604,0,32.317,0.65
604,185,54.331,1.1
604,888,53.022,1.06666666666667
604,423,39.381,0.8
604,360,37.84,0.766666666666667
604,660,21.544,0.433333333333333
604,662,19.811,0.4
604,137,75.589,1.51666666666667
604,322,78.989,1.58333333333333
604,631,40.89,0.833333333333333
604,689,34.335,0.7
604,559,72.267,1.45
604,550,21.709,0.45
604,582,24.533,0.5
604,606,42.104,0.85
604,943,44.733,0.9
604,901,39.366,0.8
604,121,47.754,0.966666666666667
604,763,29.173,0.6
604,972,64.587,1.3
604,303,31.395,0.633333333333333
604,247,19.97,0.4
604,17,49.195,1
604,140,65.802,1.31666666666667
604,101,36.323,0.733333333333333
604,255,19.789,0.4
604,851,47.576,0.966666666666667
604,645,37.6,0.766666666666667
604,977,35.952,0.733333333333333
604,601,65.199,1.31666666666667
604,810,24.326,0.5
604,406,38.542,0.783333333333333
604,400,33.589,0.683333333333333
604,182,8.696,0.183333333333333
604,484,21.214,0.433333333333333
604,276,26.099,0.533333333333333
604,359,59.5,1.2
604,947,30.133,0.616666666666667
604,215,41.546,0.833333333333333
604,616,35.801,0.716666666666667
604,221,12.602,0.266666666666667
604,299,40.473,0.816666666666667
604,833,55.585,1.11666666666667
604,184,47.808,0.966666666666667
604,443,40.001,0.816666666666667
604,283,22.99,0.466666666666667
604,51,61.343,1.23333333333333
604,109,63.397,1.28333333333333
604,331,75.139,1.51666666666667
604,842,30.609,0.616666666666667
443,0,55.011,1.11666666666667
443,185,18.541,0.383333333333333
443,888,17.18,0.35
443,423,46.568,0.933333333333333
443,360,31.913,0.65
443,660,22.674,0.466666666666667
443,662,24.403,0.5
443,137,58.006,1.16666666666667
443,322,61.385,1.23333333333333
443,631,5.057,0.116666666666667
443,689,44.798,0.9
443,559,54.609,1.1
443,550,37.931,0.766666666666667
443,582,19.678,0.4
443,606,37.283,0.75
443,943,29.731,0.6
443,901,15.924,0.333333333333333
443,121,19.358,0.4
443,763,44.543,0.9
443,972,47.071,0.95
443,303,12.829,0.266666666666667
443,247,24.231,0.5
443,17,44.014,0.883333333333333
443,140,48.204,0.966666666666667
443,101,38.047,0.766666666666667
443,255,33.67,0.683333333333333
443,851,28.66,0.583333333333333
443,645,58.018,1.16666666666667
443,977,26.576,0.533333333333333
443,601,47.576,0.966666666666667
443,810,39.272,0.8
443,406,21.026,0.433333333333333
443,400,42.478,0.85
443,182,39.186,0.8
443,484,24.793,0.5
443,276,37.566,0.766666666666667
443,359,23.734,0.483333333333333
443,947,46.233,0.933333333333333
443,215,16.015,0.333333333333333
443,616,54.388,1.1
443,221,31.608,0.633333333333333
443,299,22.973,0.466666666666667
443,833,26.225,0.533333333333333
443,184,30.285,0.616666666666667
443,604,40.001,0.816666666666667
443,283,53.048,1.06666666666667
443,51,25.57,0.516666666666667
443,109,45.832,0.916666666666667
443,331,57.55,1.16666666666667
443,842,22.532,0.466666666666667
283,0,13.526,0.283333333333333
283,185,67.301,1.35
283,888,66.055,1.33333333333333
283,423,20.582,0.416666666666667
283,360,25.333,0.516666666666667
283,660,34.534,0.7
283,662,32.795,0.666666666666667
283,137,56.797,1.15
283,322,60.113,1.21666666666667
283,631,53.907,1.08333333333333
283,689,15.573,0.316666666666667
283,559,53.405,1.08333333333333
283,550,19.262,0.4
283,582,37.535,0.766666666666667
283,606,23.357,0.483333333333333
283,943,27.513,0.566666666666667
283,901,52.392,1.05
283,121,60.722,1.21666666666667
283,763,12.651,0.266666666666667
283,972,45.888,0.933333333333333
283,303,44.414,0.9
283,247,32.939,0.666666666666667
283,17,30.403,0.616666666666667
283,140,47.008,0.95
283,101,19.199,0.4
283,255,23.543,0.483333333333333
283,851,60.625,1.21666666666667
283,645,18.827,0.383333333333333
283,977,30.659,0.616666666666667
283,601,46.354,0.933333333333333
283,810,17.923,0.366666666666667
283,406,39.622,0.8
283,400,14.8,0.3
283,182,27.478,0.55
283,484,32.421,0.65
283,276,19.663,0.4
283,359,72.627,1.46666666666667
283,947,11.364,0.233333333333333
283,215,54.518,1.1
283,616,17.03,0.35
283,221,27.761,0.566666666666667
283,299,50.582,1.01666666666667
283,833,68.64,1.38333333333333
283,184,44.905,0.9
283,604,22.99,0.466666666666667
283,443,53.048,1.06666666666667
283,51,74.316,1.5
283,109,44.606,0.9
283,331,56.287,1.13333333333333
283,842,34.701,0.7
51,0,76.45,1.53333333333333
51,185,11.237,0.233333333333333
51,888,12.6,0.266666666666667
51,423,67.877,1.36666666666667
51,360,53.261,1.06666666666667
51,660,44.032,0.883333333333333
51,662,45.758,0.916666666666667
51,137,51.93,1.05
51,322,55.309,1.11666666666667
51,631,24.714,0.5
51,689,66.153,1.33333333333333
51,559,55.333,1.11666666666667
51,550,59.284,1.2
51,582,41.038,0.833333333333333
51,606,58.647,1.18333333333333
51,943,51.1,1.03333333333333
51,901,26.25,0.533333333333333
51,121,17.847,0.366666666666667
51,763,65.896,1.33333333333333
51,972,41.085,0.833333333333333
51,303,34.196,0.7
51,247,45.581,0.916666666666667
51,17,65.459,1.31666666666667
51,140,58.52,1.18333333333333
51,101,59.376,1.2
51,255,54.996,1.1
51,851,22.675,0.466666666666667
51,645,79.369,1.6
51,977,47.941,0.966666666666667
51,601,59.484,1.2
51,810,60.626,1.21666666666667
51,406,39.003,0.783333333333333
51,400,63.792,1.28333333333333
51,182,60.503,1.21666666666667
51,484,46.152,0.933333333333333
51,276,58.886,1.18333333333333
51,359,10.098,0.216666666666667
51,947,67.585,1.36666666666667
51,215,24,0.483333333333333
51,616,75.74,1.51666666666667
51,221,52.944,1.06666666666667
51,299,28.071,0.566666666666667
51,833,20.237,0.416666666666667
51,184,33.718,0.683333333333333
51,604,61.343,1.23333333333333
51,443,25.57,0.516666666666667
51,283,74.316,1.5
51,109,42.074,0.85
51,331,51.481,1.03333333333333
51,842,43.897,0.883333333333333
109,0,38.571,0.783333333333333
109,185,37.425,0.75
109,888,42.058,0.85
109,423,30.124,0.616666666666667
109,360,29.737,0.6
109,660,51.614,1.03333333333333
109,662,56.258,1.13333333333333
109,137,16.361,0.333333333333333
109,322,19.729,0.4
109,631,45.598,0.916666666666667
109,689,33.229,0.666666666666667
109,559,17.47,0.35
109,550,45.872,0.933333333333333
109,582,51.606,1.03333333333333
109,606,25.44,0.516666666666667
109,943,22.798,0.466666666666667
109,901,34.088,0.683333333333333
109,121,30.637,0.616666666666667
109,763,38.397,0.783333333333333
109,972,11.107,0.233333333333333
109,303,41.041,0.833333333333333
109,247,65.545,1.31666666666667
109,17,27.579,0.566666666666667
109,140,20.68,0.416666666666667
109,101,31.249,0.633333333333333
109,255,47.786,0.966666666666667
109,851,28.229,0.566666666666667
109,645,41.647,0.833333333333333
109,977,31.586,0.633333333333333
109,601,21.648,0.433333333333333
109,810,43.244,0.866666666666667
109,406,29.003,0.583333333333333
109,400,34.001,0.683333333333333
109,182,67.898,1.36666666666667
109,484,46.343,0.933333333333333
109,276,41.481,0.833333333333333
109,359,45.713,0.916666666666667
109,947,37.439,0.75
109,215,57.67,1.16666666666667
109,616,38.014,0.766666666666667
109,221,68.17,1.36666666666667
109,299,27.04,0.55
109,833,36.245,0.733333333333333
109,184,19.733,0.4
109,604,63.397,1.28333333333333
109,443,45.832,0.916666666666667
109,283,44.606,0.9
109,51,42.074,0.85
109,331,15.903,0.333333333333333
109,842,36.93,0.75
331,0,46.992,0.95
331,185,49.102,0.983333333333333
331,888,53.769,1.08333333333333
331,423,39.948,0.8
331,360,41.461,0.833333333333333
331,660,63.343,1.28333333333333
331,662,67.99,1.36666666666667
331,137,7.652,0.166666666666667
331,322,8.923,0.183333333333333
331,631,57.316,1.15
331,689,44.959,0.9
331,559,15.576,0.316666666666667
331,550,57.606,1.16666666666667
331,582,63.334,1.28333333333333
331,606,37.164,0.75
331,943,34.517,0.7
331,901,45.801,0.916666666666667
331,121,42.32,0.85
331,763,50.13,1.01666666666667
331,972,14.601,0.3
331,303,52.687,1.06666666666667
331,247,77.107,1.55
331,17,30.131,0.616666666666667
331,140,18.794,0.383333333333333
331,101,42.949,0.866666666666667
331,255,59.422,1.2
331,851,33.016,0.666666666666667
331,645,41.713,0.85
331,977,43.308,0.866666666666667
331,601,19.759,0.4
331,810,54.976,1.1
331,406,40.72,0.816666666666667
331,400,45.731,0.916666666666667
331,182,79.465,1.6
331,484,58.07,1.16666666666667
331,276,53.142,1.06666666666667
331,359,57.422,1.15
331,947,49.172,1
331,215,69.267,1.4
331,616,43.508,0.883333333333333
331,221,79.726,1.6
331,299,38.72,0.783333333333333
331,833,38.147,0.766666666666667
331,184,31.422,0.633333333333333
331,604,75.139,1.51666666666667
331,443,57.55,1.16666666666667
331,283,56.287,1.13333333333333
331,51,51.481,1.03333333333333
331,109,15.903,0.333333333333333
331,842,48.653,0.983333333333333
842,0,36.661,0.733333333333333
842,185,36.871,0.75
842,888,35.534,0.716666666666667
842,423,28.219,0.566666666666667
842,360,13.568,0.283333333333333
842,660,18.862,0.383333333333333
842,662,23.494,0.483333333333333
842,137,49.108,0.983333333333333
842,322,52.491,1.05
842,631,23.388,0.483333333333333
842,689,26.499,0.533333333333333
842,559,45.769,0.916666666666667
842,550,19.627,0.4
842,582,18.858,0.383333333333333
842,606,18.958,0.383333333333333
842,943,18.326,0.366666666666667
842,901,21.876,0.45
842,121,30.275,0.616666666666667
842,763,26.249,0.533333333333333
842,972,38.19,0.766666666666667
842,303,13.907,0.283333333333333
842,247,32.758,0.666666666666667
842,17,25.662,0.516666666666667
842,140,39.309,0.8
842,101,19.701,0.4
842,255,15.33,0.316666666666667
842,851,30.093,0.616666666666667
842,645,39.752,0.8
842,977,9.544,0.2
842,601,38.705,0.783333333333333
842,810,20.97,0.433333333333333
842,406,12.116,0.25
842,400,24.132,0.483333333333333
842,182,35.098,0.716666666666667
842,484,13.598,0.283333333333333
842,276,19.224,0.4
842,359,42.059,0.85
842,947,27.923,0.566666666666667
842,215,24.938,0.5
842,616,36.113,0.733333333333333
842,221,35.37,0.716666666666667
842,299,20.057,0.416666666666667
842,833,38.072,0.766666666666667
842,184,21.377,0.433333333333333
842,604,30.609,0.616666666666667
842,443,22.532,0.466666666666667
842,283,34.701,0.7
842,51,43.897,0.883333333333333
842,109,36.93,0.75
842,331,48.653,0.983333333333333
